,datetime,Temp_fixed,Humidity_fixed,Windspeed_fixed,Total renter
0,2017-01-01 00:00:00,10.66,60.0,11.0014,112.21728778867724
1,2017-01-01 01:00:00,10.66,56.0,27.9993,89.92024990965645
2,2017-01-01 02:00:00,10.66,56.0,19.0012,66.4706290946069
3,2017-01-01 03:00:00,10.66,56.0,27.9993,54.97143626683015
4,2017-01-01 04:00:00,10.66,56.0,15.0013,40.52981821548556
5,2017-01-01 05:00:00,10.66,48.0,19.9995,25.022490730762286
6,2017-01-01 06:00:00,9.84,52.0,27.9993,12.01709854558294
7,2017-01-01 07:00:00,9.84,56.0,23.9994,13.325341752705953
8,2017-01-01 08:00:00,9.84,52.0,31.0009,31.882309471159942
9,2017-01-01 09:00:00,9.84,52.0,26.0027,63.05635210011003
10,2017-01-01 10:00:00,10.66,41.0,39.0007,142.1428171263593
11,2017-01-01 11:00:00,10.66,41.0,27.9993,245.89420420330262
12,2017-01-01 12:00:00,11.48,36.0,39.0007,290.5063936665227
13,2017-01-01 13:00:00,12.3,36.0,43.9989,302.780743034369
14,2017-01-01 14:00:00,12.3,36.0,31.0009,323.8735323823047
15,2017-01-01 15:00:00,11.48,38.0,22.0028,336.97878189632956
16,2017-01-01 16:00:00,11.48,38.0,27.9993,341.38568777692774
17,2017-01-01 17:00:00,10.66,41.0,22.0028,347.42389517410015
18,2017-01-01 18:00:00,9.84,44.0,19.9995,368.72792117920915
19,2017-01-01 19:00:00,13.94,61.0,0.0,429.22485912891716
20,2017-01-01 20:00:00,9.02,47.0,22.0028,449.1164908192244
21,2017-01-01 21:00:00,8.2,51.0,11.0014,330.43827789439035
22,2017-01-01 22:00:00,8.2,55.0,12.998,215.2651262577261
23,2017-01-01 23:00:00,8.2,51.0,15.0013,154.76701237361405
24,2017-01-02 00:00:00,7.38,55.0,12.998,114.12066708234975
25,2017-01-02 01:00:00,7.38,55.0,12.998,81.40467237475744
26,2017-01-02 02:00:00,6.56,59.0,11.0014,60.91252658597017
27,2017-01-02 03:00:00,6.56,59.0,7.0015,49.20975685723013
28,2017-01-02 04:00:00,5.74,69.0,7.0015,38.34375615830004
29,2017-01-02 05:00:00,6.56,64.0,12.998,22.030266303439987
30,2017-01-02 06:00:00,6.56,64.0,11.0014,5.242292310727976
31,2017-01-02 07:00:00,6.56,64.0,8.9981,-1.6530849599068347
32,2017-01-02 08:00:00,5.74,69.0,8.9981,11.259667328686817
33,2017-01-02 09:00:00,7.38,64.0,7.0015,43.79598141701345
34,2017-01-02 10:00:00,8.2,69.0,8.9981,125.69371182721946
35,2017-01-02 11:00:00,9.02,60.0,12.998,270.2213040341603
36,2017-01-02 12:00:00,9.84,56.0,12.998,329.61240513749897
37,2017-01-02 13:00:00,10.66,44.0,11.0014,283.45699056573136
38,2017-01-02 14:00:00,11.48,45.0,15.0013,296.0864073932758
39,2017-01-02 15:00:00,11.48,45.0,8.9981,323.2022356634102
40,2017-01-02 16:00:00,10.66,48.0,12.998,342.0055778221025
41,2017-01-02 17:00:00,10.66,48.0,6.0032,357.5207592540384
42,2017-01-02 18:00:00,10.66,48.0,8.9981,390.7209908031642
43,2017-01-02 19:00:00,10.66,60.0,11.0014,459.4352396963069
44,2017-01-02 20:00:00,10.66,60.0,11.0014,474.5694723232658
45,2017-01-02 21:00:00,10.66,60.0,11.0014,358.344787196406
46,2017-01-02 22:00:00,10.66,56.0,8.9981,236.01211537213896
47,2017-01-02 23:00:00,10.66,65.0,8.9981,173.82429837599676
48,2017-01-03 00:00:00,13.12,71.0,0.0,132.98384704078737
49,2017-01-03 01:00:00,12.85,70.67,6.0,100.71069952022162
50,2017-01-03 02:00:00,11.75,77.33,0.0,73.76516597089834
51,2017-01-03 03:00:00,11.48,79.0,0.0,56.865467421409676
52,2017-01-03 04:00:00,10.93,79.0,4.0,42.86942062532128
53,2017-01-03 05:00:00,10.93,79.0,6.67,27.19588721922861
54,2017-01-03 06:00:00,10.11,88.67,6.0,13.198901833294741
55,2017-01-03 07:00:00,9.84,90.67,7.33,8.162040340558434
56,2017-01-03 08:00:00,10.39,83.0,4.67,23.3188530657535
57,2017-01-03 09:00:00,11.48,87.33,4.67,72.2192761302608
58,2017-01-03 10:00:00,13.39,79.33,10.33,190.78011660809324
59,2017-01-03 11:00:00,14.21,77.67,12.33,376.83158723262017
60,2017-01-03 12:00:00,16.67,67.0,19.0,312.8277216034406
61,2017-01-03 13:00:00,17.77,62.67,19.33,213.31097950238387
62,2017-01-03 14:00:00,18.31,60.0,19.67,240.69787413814507
63,2017-01-03 15:00:00,18.59,59.67,20.0,274.279906774981
64,2017-01-03 16:00:00,17.77,63.33,20.0,285.16273196660063
65,2017-01-03 17:00:00,19.13,59.33,13.67,282.92838108012467
66,2017-01-03 18:00:00,18.31,68.67,17.0,296.95535818755707
67,2017-01-03 19:00:00,17.22,74.0,23.0,356.82191977795475
68,2017-01-03 20:00:00,17.49,70.33,19.0,469.0890354272435
69,2017-01-03 21:00:00,17.49,73.67,15.66,426.170083622009
70,2017-01-03 22:00:00,18.04,68.0,23.67,288.18042778041865
71,2017-01-03 23:00:00,18.31,63.33,20.0,200.61828068189692
72,2017-01-04 00:00:00,17.22,56.0,27.33,156.49133947168175
73,2017-01-04 01:00:00,15.85,60.0,24.33,113.45275252341561
74,2017-01-04 02:00:00,15.58,56.0,26.34,79.65796746074786
75,2017-01-04 03:00:00,13.94,61.33,19.0,54.424022619147166
76,2017-01-04 04:00:00,13.94,61.33,19.0,39.91642278050574
77,2017-01-04 05:00:00,13.94,61.33,19.0,30.06797214633218
78,2017-01-04 06:00:00,12.85,53.0,24.0,18.619916282549383
79,2017-01-04 07:00:00,12.03,46.67,21.67,7.271911938614693
80,2017-01-04 08:00:00,12.03,47.0,16.33,9.671853808285448
81,2017-01-04 09:00:00,11.75,48.67,5.0,35.575326072980005
82,2017-01-04 10:00:00,12.03,50.33,17.67,102.97728071891954
83,2017-01-04 11:00:00,12.03,47.0,27.66,232.1272272714513
84,2017-01-04 12:00:00,12.57,46.0,18.0,287.56984811497523
85,2017-01-04 13:00:00,13.12,46.0,16.33,220.60462903367772
86,2017-01-04 14:00:00,13.12,49.33,23.0,207.96534622436695
87,2017-01-04 15:00:00,12.3,52.33,23.67,223.40705872702034
88,2017-01-04 16:00:00,11.75,47.0,22.33,221.5749610167548
89,2017-01-04 17:00:00,11.75,42.33,21.67,208.1293189492075
90,2017-01-04 18:00:00,12.03,37.33,18.67,190.37363033773778
91,2017-01-04 19:00:00,10.93,39.33,20.0,199.09424811743062
92,2017-01-04 20:00:00,10.66,40.33,18.0,276.8154155411809
93,2017-01-04 21:00:00,10.11,42.0,22.0,314.72113781984547
94,2017-01-04 22:00:00,9.29,44.0,19.33,230.9212202329546
95,2017-01-04 23:00:00,9.02,45.0,15.0,153.7340214270608
96,2017-01-05 00:00:00,8.47,48.67,19.33,115.80127693097769
97,2017-01-05 01:00:00,7.65,51.33,19.33,85.77174752306323
98,2017-01-05 02:00:00,7.65,51.33,19.33,64.07030963132014
99,2017-01-05 03:00:00,7.65,51.33,19.33,50.56990300396811
100,2017-01-05 04:00:00,7.11,49.67,20.0,42.73918319297212
101,2017-01-05 05:00:00,6.56,52.33,19.0,33.81032405117847
102,2017-01-05 06:00:00,6.29,53.33,20.0,20.596122596357162
103,2017-01-05 07:00:00,5.74,52.67,13.0,6.372397638216341
104,2017-01-05 08:00:00,5.74,56.0,19.0,-2.348008250773205
105,2017-01-05 09:00:00,6.01,53.67,20.0,0.5763572095613085
106,2017-01-05 10:00:00,6.83,51.0,18.33,8.995162894876842
107,2017-01-05 11:00:00,7.11,46.67,20.0,45.64155112807802
108,2017-01-05 12:00:00,7.38,43.0,27.33,114.8484032584456
109,2017-01-05 13:00:00,8.2,36.33,29.67,184.42788364875204
110,2017-01-05 14:00:00,8.47,34.67,29.67,230.56257911939088
111,2017-01-05 15:00:00,8.47,32.67,35.0,254.02779185368348
112,2017-01-05 16:00:00,7.93,38.67,29.0,258.3027017945209
113,2017-01-05 17:00:00,7.65,34.67,23.67,250.03376840958595
114,2017-01-05 18:00:00,7.11,36.67,28.33,237.86287429832612
115,2017-01-05 19:00:00,6.56,33.0,20.67,211.7113931524554
116,2017-01-05 20:00:00,6.56,33.0,25.67,179.56198980259245
117,2017-01-05 21:00:00,5.74,40.0,21.67,147.67768953632094
118,2017-01-05 22:00:00,5.19,45.0,14.33,117.56786484596637
119,2017-01-05 23:00:00,5.19,42.33,12.33,95.83832859499918
120,2017-01-06 00:00:00,4.92,49.0,13.67,81.25639675595302
121,2017-01-06 01:00:00,4.92,50.33,19.67,66.50787061353246
122,2017-01-06 02:00:00,4.1,49.0,17.67,54.512767907293636
123,2017-01-06 03:00:00,4.1,49.0,17.67,48.83334996403411
124,2017-01-06 04:00:00,3.01,46.33,15.33,47.05731142025667
125,2017-01-06 05:00:00,2.19,45.33,15.0,44.79405843957397
126,2017-01-06 06:00:00,2.19,47.33,15.0,35.98373132803383
127,2017-01-06 07:00:00,2.19,52.0,11.66,22.08374434785307
128,2017-01-06 08:00:00,2.46,50.33,12.33,8.446335968231153
129,2017-01-06 09:00:00,2.73,48.67,12.33,-3.869127950201886
130,2017-01-06 10:00:00,2.73,52.33,16.0,-18.02813336256216
131,2017-01-06 11:00:00,3.55,46.33,12.67,-31.02065499963075
132,2017-01-06 12:00:00,4.1,47.0,9.67,-23.372701287162528
133,2017-01-06 13:00:00,4.92,48.67,4.33,14.469299371706626
134,2017-01-06 14:00:00,5.74,45.33,9.0,90.89555264297832
135,2017-01-06 15:00:00,6.56,48.0,14.33,211.0375625106879
136,2017-01-06 16:00:00,7.93,45.0,17.0,310.48135487368415
137,2017-01-06 17:00:00,7.65,46.67,16.33,318.91263193671637
138,2017-01-06 18:00:00,8.47,40.67,19.0,289.4121057906081
139,2017-01-06 19:00:00,8.2,42.67,15.0,273.4941344601076
140,2017-01-06 20:00:00,8.75,42.67,11.0,252.7502416133459
141,2017-01-06 21:00:00,8.47,46.0,6.0,210.97276340053827
142,2017-01-06 22:00:00,8.47,48.0,6.67,133.22995177130005
143,2017-01-06 23:00:00,8.2,49.67,10.67,74.709085280537
144,2017-01-07 00:00:00,8.2,50.67,0.0,65.37011631822305
145,2017-01-07 01:00:00,7.65,56.0,6.0,75.44968661054904
146,2017-01-07 02:00:00,7.65,54.0,6.67,65.9711158942094
147,2017-01-07 03:00:00,7.65,54.0,6.67,55.22895511293473
148,2017-01-07 04:00:00,9.29,47.33,13.67,47.35336639197021
149,2017-01-07 05:00:00,8.47,49.67,7.67,42.53335151870192
150,2017-01-07 06:00:00,8.2,49.67,9.0,41.43636654553032
151,2017-01-07 07:00:00,7.93,55.0,4.33,39.38627055526797
152,2017-01-07 08:00:00,8.2,52.67,10.67,33.03514593433087
153,2017-01-07 09:00:00,8.47,51.67,11.34,22.006758403747398
154,2017-01-07 10:00:00,8.47,62.33,13.33,13.938532208294248
155,2017-01-07 11:00:00,9.02,57.0,11.34,14.61614013477029
156,2017-01-07 12:00:00,9.02,61.0,7.33,21.84207364523101
157,2017-01-07 13:00:00,9.84,56.0,6.67,41.22292905699521
158,2017-01-07 14:00:00,10.66,44.0,8.33,57.16853484599156
159,2017-01-07 15:00:00,12.3,42.0,4.33,68.49935328620427
160,2017-01-07 16:00:00,12.3,42.0,13.33,91.97907370664265
161,2017-01-07 17:00:00,12.57,40.67,17.67,120.30518121732892
162,2017-01-07 18:00:00,12.57,38.67,15.67,137.2296175428594
163,2017-01-07 19:00:00,13.12,35.33,15.0,138.22144808817254
164,2017-01-07 20:00:00,12.85,38.33,16.33,130.20284308805486
165,2017-01-07 21:00:00,12.57,39.67,13.0,107.92636787852194
166,2017-01-07 22:00:00,11.75,42.33,10.33,85.50734568475862
167,2017-01-07 23:00:00,12.03,38.33,4.0,91.68492827978713
168,2017-01-08 00:00:00,10.66,51.0,0.0,95.30263113780089
169,2017-01-08 01:00:00,9.29,61.33,6.0,83.02325438066741
170,2017-01-08 02:00:00,9.29,61.33,7.33,68.15995056737518
171,2017-01-08 03:00:00,9.29,61.33,7.33,58.67652507597285
172,2017-01-08 04:00:00,8.75,68.0,6.67,51.64274356249447
173,2017-01-08 05:00:00,7.93,73.0,6.0,47.54652170913218
174,2017-01-08 06:00:00,7.93,71.0,2.33,45.95703598843144
175,2017-01-08 07:00:00,8.2,65.67,7.33,41.42547027261176
176,2017-01-08 08:00:00,8.2,65.67,4.67,25.939773507890152
177,2017-01-08 09:00:00,8.47,63.0,6.0,5.038413334871905
178,2017-01-08 10:00:00,8.2,69.0,6.0,-15.589180678165178
179,2017-01-08 11:00:00,9.02,63.33,6.67,-33.161956030738025
180,2017-01-08 12:00:00,10.11,55.0,0.0,-47.6517118739267
181,2017-01-08 13:00:00,10.11,58.33,8.33,-41.36894248587265
182,2017-01-08 14:00:00,10.39,58.67,11.0,-8.634747765989658
183,2017-01-08 15:00:00,10.93,55.33,8.67,58.50913243181034
184,2017-01-08 16:00:00,11.75,50.0,11.0,164.18535960530068
185,2017-01-08 17:00:00,12.85,50.33,15.0,243.83436090355326
186,2017-01-08 18:00:00,13.94,45.67,15.67,239.2848217316125
187,2017-01-08 19:00:00,15.58,42.33,10.67,210.05572875635806
188,2017-01-08 20:00:00,16.95,35.0,15.0,190.88150993382672
189,2017-01-08 21:00:00,17.22,36.33,17.67,177.05295574306788
190,2017-01-08 22:00:00,15.58,41.0,16.33,154.3663774557578
191,2017-01-08 23:00:00,16.4,39.0,15.66,108.61330776150743
192,2017-01-09 00:00:00,15.31,43.33,17.0,82.58685325608522
193,2017-01-09 01:00:00,14.21,50.33,13.67,98.18086544665059
194,2017-01-09 02:00:00,13.67,51.67,15.0,100.77422694901453
195,2017-01-09 03:00:00,13.67,51.67,15.0,88.6634133762531
196,2017-01-09 04:00:00,12.57,56.33,11.66,74.18576210555412
197,2017-01-09 05:00:00,12.85,51.67,0.0,60.83003856346008
198,2017-01-09 06:00:00,12.57,56.33,7.33,53.785382353841214
199,2017-01-09 07:00:00,13.12,53.67,10.33,46.18625689011489
200,2017-01-09 08:00:00,12.57,50.33,10.33,42.14295208493624
201,2017-01-09 09:00:00,11.48,53.67,11.33,37.84653009637654
202,2017-01-09 10:00:00,11.75,50.33,11.34,27.51850320472971
203,2017-01-09 11:00:00,9.84,63.33,9.67,11.968421334287427
204,2017-01-09 12:00:00,9.84,62.33,10.33,-0.5784751055798267
205,2017-01-09 13:00:00,8.75,70.33,15.0,-9.119168010136633
206,2017-01-09 14:00:00,9.29,63.33,10.33,-19.172889322350898
207,2017-01-09 15:00:00,8.75,65.67,9.67,-26.637893533677868
208,2017-01-09 16:00:00,10.39,62.33,7.67,-22.371862437010776
209,2017-01-09 17:00:00,12.03,50.33,10.0,1.309838202814717
210,2017-01-09 18:00:00,13.67,42.0,12.0,49.26985897250657
211,2017-01-09 19:00:00,14.21,47.67,10.67,123.96349696583957
212,2017-01-09 20:00:00,16.13,43.67,15.0,180.46932568503627
213,2017-01-09 21:00:00,18.31,40.33,16.33,192.44742572159797
214,2017-01-09 22:00:00,17.77,39.0,16.33,185.83054009390725
215,2017-01-09 23:00:00,17.22,45.67,9.67,169.28401294474497
216,2017-01-10 00:00:00,17.22,47.0,9.67,130.14361483228973
217,2017-01-10 01:00:00,16.67,46.33,6.67,61.78805829755866
218,2017-01-10 02:00:00,16.13,44.33,11.33,22.37658437963617
219,2017-01-10 03:00:00,14.49,47.67,13.67,46.27856234664071
220,2017-01-10 04:00:00,14.49,43.67,15.0,64.28502014976058
221,2017-01-10 05:00:00,13.67,50.0,13.67,64.09687064510773
222,2017-01-10 06:00:00,12.57,51.33,16.33,55.97423860378504
223,2017-01-10 07:00:00,11.48,52.67,11.0,46.790600866700004
224,2017-01-10 08:00:00,12.03,55.67,15.0,40.45740654832787
225,2017-01-10 09:00:00,11.48,59.0,8.33,35.62282734987144
226,2017-01-10 10:00:00,11.21,59.33,15.0,35.03432072837981
227,2017-01-10 11:00:00,11.48,55.67,13.34,30.98691633537041
228,2017-01-10 12:00:00,10.93,54.33,8.0,20.226587906972156
229,2017-01-10 13:00:00,10.93,49.33,7.33,6.359386841048263
230,2017-01-10 14:00:00,10.93,45.33,17.0,-5.71340305458304
231,2017-01-10 15:00:00,11.48,46.0,16.0,-20.99390465998715
232,2017-01-10 16:00:00,11.75,42.33,17.34,-38.72684443607355
233,2017-01-10 17:00:00,12.03,43.0,22.33,-51.00124774586499
234,2017-01-10 18:00:00,12.3,41.67,16.67,-44.883303365384705
235,2017-01-10 19:00:00,12.85,36.67,19.0,-11.403652540426975
236,2017-01-10 20:00:00,12.57,38.67,14.33,50.08849272036002
237,2017-01-10 21:00:00,12.57,37.67,20.67,127.3643909637469
238,2017-01-10 22:00:00,12.57,36.67,22.0,175.39968636933483
239,2017-01-10 23:00:00,11.75,39.67,20.0,175.3239936833639
240,2017-01-11 00:00:00,10.66,44.67,18.67,147.08125614599078
241,2017-01-11 01:00:00,10.11,46.67,19.0,97.03886052606404
242,2017-01-11 02:00:00,9.57,50.0,17.67,23.366397496201046
243,2017-01-11 03:00:00,9.02,52.67,19.33,-43.85240806340022
244,2017-01-11 04:00:00,8.2,57.67,9.0,-51.37390027967919
245,2017-01-11 05:00:00,8.2,55.0,15.66,-18.113340059107344
246,2017-01-11 06:00:00,7.93,56.33,16.33,-3.3475956477977036
247,2017-01-11 07:00:00,7.65,57.67,10.33,3.282300945629686
248,2017-01-11 08:00:00,7.93,53.67,12.33,10.90756667597148
249,2017-01-11 09:00:00,8.2,50.0,19.0,20.095422673166553
250,2017-01-11 10:00:00,7.93,57.0,13.34,27.121199201985945
251,2017-01-11 11:00:00,7.65,56.0,15.67,32.76123952529235
252,2017-01-11 12:00:00,8.47,52.33,16.0,34.34508291853132
253,2017-01-11 13:00:00,8.75,51.33,14.67,34.28493764969875
254,2017-01-11 14:00:00,9.02,47.33,14.34,30.830452329293536
255,2017-01-11 15:00:00,9.02,54.33,8.0,18.769346258979823
256,2017-01-11 16:00:00,9.29,51.33,10.0,-2.3803086875238364
257,2017-01-11 17:00:00,9.57,49.67,12.67,-29.458280500558033
258,2017-01-11 18:00:00,9.29,50.67,12.0,-43.81618065304332
259,2017-01-11 19:00:00,9.29,51.67,12.0,-44.75530991795344
260,2017-01-11 20:00:00,7.93,65.33,13.0,-35.64328550723798
261,2017-01-11 21:00:00,7.93,65.33,16.67,-24.024751520030605
262,2017-01-11 22:00:00,7.93,73.33,10.67,-7.510597629244899
263,2017-01-11 23:00:00,7.65,74.67,4.33,20.378499212879092
264,2017-01-12 00:00:00,7.11,74.0,10.34,58.81346209790854
265,2017-01-12 01:00:00,7.11,78.67,10.34,85.96802068465438
266,2017-01-12 02:00:00,7.11,74.0,9.0,96.12731717189921
267,2017-01-12 03:00:00,7.11,78.67,5.0,91.52106343883688
268,2017-01-12 04:00:00,6.83,79.33,7.67,72.3053998398734
269,2017-01-12 05:00:00,7.38,76.0,10.33,43.23125240494011
270,2017-01-12 06:00:00,7.65,74.67,11.0,15.410424488586955
271,2017-01-12 07:00:00,7.65,78.67,9.67,-7.255948494621833
272,2017-01-12 08:00:00,7.65,74.67,13.67,-25.528372452455443
273,2017-01-12 09:00:00,7.38,74.0,13.0,-41.94903416392225
274,2017-01-12 10:00:00,12.85,48.0,16.67,-55.26714938186376
275,2017-01-12 11:00:00,7.11,77.67,15.0,-62.150012121225785
276,2017-01-12 12:00:00,7.65,75.33,13.67,-61.57505571635366
277,2017-01-12 13:00:00,7.65,75.33,13.67,-43.726831215111275
278,2017-01-12 14:00:00,7.65,75.33,12.33,2.1408893864396816
279,2017-01-12 15:00:00,7.65,75.33,12.33,94.97619606258378
280,2017-01-12 16:00:00,14.21,38.67,16.33,233.16457672717195
281,2017-01-12 17:00:00,14.21,38.67,15.67,288.20954564240594
282,2017-01-12 18:00:00,14.21,38.67,18.33,190.95626537850077
283,2017-01-12 19:00:00,13.67,41.0,17.0,115.3240579365071
284,2017-01-12 20:00:00,13.67,42.0,17.0,100.073143488013
285,2017-01-12 21:00:00,13.39,45.0,20.33,84.76038999360892
286,2017-01-12 22:00:00,13.39,45.0,15.0,58.15812140638684
287,2017-01-12 23:00:00,12.85,46.33,8.33,38.01072937738667
288,2017-01-13 00:00:00,12.3,50.33,7.0,39.8006633662325
289,2017-01-13 01:00:00,11.21,55.0,8.33,101.60384867109327
290,2017-01-13 02:00:00,10.93,62.33,8.33,215.00711653992073
291,2017-01-13 03:00:00,10.93,62.33,8.33,203.3509769256581
292,2017-01-13 04:00:00,10.93,62.33,8.33,144.28260238880807
293,2017-01-13 05:00:00,10.39,65.0,7.0,107.39172228925392
294,2017-01-13 06:00:00,9.29,72.33,7.67,86.37997531969852
295,2017-01-13 07:00:00,9.29,72.33,0.0,69.87132350731721
296,2017-01-13 08:00:00,9.02,75.0,6.0,60.71941442236428
297,2017-01-13 09:00:00,7.93,73.67,11.0,51.13055400498877
298,2017-01-13 10:00:00,8.75,70.33,3.67,35.92896946532639
299,2017-01-13 11:00:00,8.2,69.0,9.0,14.897112938622314
300,2017-01-13 12:00:00,8.2,70.33,8.33,-7.9449813250788
301,2017-01-13 13:00:00,8.2,77.0,8.0,-26.219972919501117
302,2017-01-13 14:00:00,8.2,73.0,8.0,-37.00147895556185
303,2017-01-13 15:00:00,7.65,81.33,6.67,-38.52359118678112
304,2017-01-13 16:00:00,7.65,86.0,11.0,-9.98927316204393
305,2017-01-13 17:00:00,8.75,86.67,11.0,61.67128477471678
306,2017-01-13 18:00:00,9.29,89.0,6.34,175.66089349593844
307,2017-01-13 19:00:00,10.39,85.0,0.0,250.45422429518436
308,2017-01-13 20:00:00,10.93,81.67,4.33,220.45895611372637
309,2017-01-13 21:00:00,10.93,82.67,6.67,170.9549469569632
310,2017-01-13 22:00:00,11.48,89.0,6.34,139.00295898937975
311,2017-01-13 23:00:00,11.48,89.0,13.33,113.2029365870772
312,2017-01-14 00:00:00,11.48,86.67,12.0,86.76925276100525
313,2017-01-14 01:00:00,11.48,86.67,11.0,64.61942784446958
314,2017-01-14 02:00:00,10.66,90.67,13.0,59.67917637548135
315,2017-01-14 03:00:00,10.66,90.67,13.0,98.2290140268837
316,2017-01-14 04:00:00,10.66,90.67,13.0,166.8954272030751
317,2017-01-14 05:00:00,10.66,90.67,11.0,163.70975077789254
318,2017-01-14 06:00:00,10.93,89.0,13.0,121.82825361517169
319,2017-01-14 07:00:00,11.21,81.0,11.66,90.989724490806
320,2017-01-14 08:00:00,11.48,77.67,13.67,74.0227495473371
321,2017-01-14 09:00:00,11.48,81.67,16.0,59.35451059606484
322,2017-01-14 10:00:00,12.3,80.33,13.67,45.637009216297116
323,2017-01-14 11:00:00,12.57,79.0,20.0,33.706690786173
324,2017-01-14 12:00:00,12.57,77.67,24.33,20.28807093604422
325,2017-01-14 13:00:00,12.85,76.67,16.67,4.971050633779441
326,2017-01-14 14:00:00,12.03,77.67,11.34,-9.636255496261185
327,2017-01-14 15:00:00,12.57,77.67,15.33,-17.79389585998055
328,2017-01-14 16:00:00,12.3,72.67,20.0,-13.764950400598508
329,2017-01-14 17:00:00,11.48,69.67,16.67,12.082972448989523
330,2017-01-14 18:00:00,11.48,69.67,16.33,83.91734212138451
331,2017-01-14 19:00:00,11.75,69.67,14.0,185.9489851427742
332,2017-01-14 20:00:00,11.48,70.67,12.0,211.90259442265466
333,2017-01-14 21:00:00,11.48,72.33,12.0,164.3574101364261
334,2017-01-14 22:00:00,13.67,69.67,17.34,130.26548586894748
335,2017-01-14 23:00:00,13.39,71.0,16.67,116.03712190352451
336,2017-01-15 00:00:00,13.94,67.67,12.33,98.40595439533621
337,2017-01-15 01:00:00,14.49,61.33,15.0,80.6991548858653
338,2017-01-15 02:00:00,14.49,58.67,15.33,71.07580398876641
339,2017-01-15 03:00:00,13.94,61.33,16.0,91.52578875323125
340,2017-01-15 04:00:00,13.39,64.0,13.0,166.73817564459915
341,2017-01-15 05:00:00,13.39,64.0,15.33,197.43847583744298
342,2017-01-15 06:00:00,13.67,62.67,9.0,154.86982032685884
343,2017-01-15 07:00:00,12.03,68.67,16.33,118.03592449815199
344,2017-01-15 08:00:00,12.85,67.33,19.0,89.71689956486277
345,2017-01-15 09:00:00,12.85,64.0,20.0,71.53655450738538
346,2017-01-15 10:00:00,12.57,67.33,21.33,56.72657770105985
347,2017-01-15 11:00:00,13.67,65.33,26.0,44.7041695821905
348,2017-01-15 12:00:00,12.57,72.67,20.67,34.25758908351213
349,2017-01-15 13:00:00,11.75,60.33,32.0,23.31702982800772
350,2017-01-15 14:00:00,11.21,60.33,33.33,6.021623957351494
351,2017-01-15 15:00:00,10.39,62.67,16.67,-13.82016537564516
352,2017-01-15 16:00:00,10.39,52.67,18.0,-29.704838343409904
353,2017-01-15 17:00:00,9.29,48.0,22.33,-41.34043956206
354,2017-01-15 18:00:00,8.75,44.67,24.67,-45.75914794025505
355,2017-01-15 19:00:00,8.75,45.0,25.67,-25.523927636175785
356,2017-01-15 20:00:00,8.75,41.0,32.33,35.07952407840821
357,2017-01-15 21:00:00,8.47,40.67,28.66,142.73487852203573
358,2017-01-15 22:00:00,9.02,37.33,30.67,244.14200260508315
359,2017-01-15 23:00:00,8.75,38.67,29.0,243.68524379040463
360,2017-01-16 00:00:00,8.75,38.67,30.33,200.2578217247819
361,2017-01-16 01:00:00,9.02,38.0,24.33,174.51388141429416
362,2017-01-16 02:00:00,9.02,40.0,21.67,153.26013604479994
363,2017-01-16 03:00:00,8.47,43.33,15.67,122.11206915953267
364,2017-01-16 04:00:00,8.47,43.33,15.67,89.7634083099636
365,2017-01-16 05:00:00,8.47,43.33,14.67,72.43577752127993
366,2017-01-16 06:00:00,7.93,45.33,7.33,97.78311911995667
367,2017-01-16 07:00:00,7.93,52.0,16.33,126.28111803303021
368,2017-01-16 08:00:00,7.11,54.0,14.67,102.64718298562734
369,2017-01-16 09:00:00,6.83,54.33,11.66,82.88872316948499
370,2017-01-16 10:00:00,6.83,49.67,9.0,71.6731139357051
371,2017-01-16 11:00:00,6.83,48.33,15.0,64.83274666072539
372,2017-01-16 12:00:00,7.11,46.0,13.0,58.1423379932385
373,2017-01-16 13:00:00,6.83,48.33,13.34,53.9557418049865
374,2017-01-16 14:00:00,6.83,47.0,12.33,46.69473524179489
375,2017-01-16 15:00:00,7.11,46.0,9.67,32.65766020223202
376,2017-01-16 16:00:00,6.83,47.0,2.33,13.839656622850242
377,2017-01-16 17:00:00,6.83,47.0,9.67,-4.202446017619025
378,2017-01-16 18:00:00,6.01,51.67,4.67,-20.4540968265691
379,2017-01-16 19:00:00,6.01,53.0,6.67,-35.15288849556936
380,2017-01-16 20:00:00,6.83,51.0,0.0,-42.899448083755885
381,2017-01-16 21:00:00,7.65,49.67,8.67,-24.57498093724996
382,2017-01-16 22:00:00,8.2,50.33,11.33,26.566557333654032
383,2017-01-16 23:00:00,8.47,47.67,12.67,120.23105959051026
384,2017-01-17 00:00:00,9.02,45.67,13.33,235.7544832479496
385,2017-01-17 01:00:00,8.75,45.0,15.33,275.4776337248985
386,2017-01-17 02:00:00,8.75,45.0,12.0,238.73834667377497
387,2017-01-17 03:00:00,8.75,47.0,11.33,202.8179860055573
388,2017-01-17 04:00:00,8.2,47.0,8.67,175.14812271397383
389,2017-01-17 05:00:00,7.65,51.0,10.0,141.26184267250602
390,2017-01-17 06:00:00,7.38,50.33,13.67,94.42150025230673
391,2017-01-17 07:00:00,6.83,49.67,11.33,46.61195593278106
392,2017-01-17 08:00:00,6.29,52.33,19.0,39.609169460980866
393,2017-01-17 09:00:00,6.56,52.67,13.0,56.30558239601001
394,2017-01-17 10:00:00,6.83,51.0,18.34,58.23421191420317
395,2017-01-17 11:00:00,7.11,49.67,18.33,49.476111393948855
396,2017-01-17 12:00:00,7.65,47.33,17.67,44.50538272595577
397,2017-01-17 13:00:00,8.2,44.67,24.0,42.80346041480249
398,2017-01-17 14:00:00,8.47,44.33,23.67,41.39730178885898
399,2017-01-17 15:00:00,8.75,43.33,19.0,40.28314170035438
400,2017-01-17 16:00:00,8.47,44.67,17.0,37.698416303407555
401,2017-01-17 17:00:00,7.65,48.0,19.0,31.54539887019638
402,2017-01-17 18:00:00,7.38,51.0,15.67,23.720731345445245
403,2017-01-17 19:00:00,7.65,49.0,14.33,17.697552174189212
404,2017-01-17 20:00:00,8.2,49.0,18.33,8.334309336561688
405,2017-01-17 21:00:00,8.75,44.33,15.0,-11.714875987114226
406,2017-01-17 22:00:00,9.02,40.67,15.67,-33.32449389983779
407,2017-01-17 23:00:00,9.57,37.67,19.0,-41.52231022429842
408,2017-01-18 00:00:00,9.02,40.0,16.0,-29.821223484246786
409,2017-01-18 01:00:00,9.57,36.67,11.66,3.3459955944525177
410,2017-01-18 02:00:00,9.57,38.0,15.33,63.552963223858924
411,2017-01-18 03:00:00,9.02,39.67,11.33,136.756293156828
412,2017-01-18 04:00:00,8.47,38.0,13.67,194.0743500178926
413,2017-01-18 05:00:00,7.93,43.33,11.0,204.86389475232804
414,2017-01-18 06:00:00,7.93,43.33,8.33,160.12894960454992
415,2017-01-18 07:00:00,7.65,45.33,14.0,79.34040044131197
416,2017-01-18 08:00:00,7.93,43.0,10.34,15.147112277574195
417,2017-01-18 09:00:00,7.38,45.67,9.67,9.36451418164836
418,2017-01-18 10:00:00,6.83,47.67,12.33,22.30660010000986
419,2017-01-18 11:00:00,7.11,43.33,10.33,26.382561358777053
420,2017-01-18 12:00:00,7.11,44.33,6.33,27.58593063615635
421,2017-01-18 13:00:00,6.83,45.0,6.67,28.13489781185939
422,2017-01-18 14:00:00,7.11,50.67,10.33,28.638089852915527
423,2017-01-18 15:00:00,6.83,48.67,9.67,28.722757130009313
424,2017-01-18 16:00:00,6.01,48.67,9.0,26.17850976869653
425,2017-01-18 17:00:00,5.74,48.33,10.33,18.513985090680904
426,2017-01-18 18:00:00,5.47,52.0,11.0,7.463254806419911
427,2017-01-18 19:00:00,5.19,54.33,10.33,-2.0635831624321384
428,2017-01-18 20:00:00,6.29,55.0,12.33,-10.25760197395482
429,2017-01-18 21:00:00,6.83,56.33,15.0,-19.47097251120175
430,2017-01-18 22:00:00,8.2,53.0,17.67,-29.1115632539678
431,2017-01-18 23:00:00,9.29,40.67,21.0,-31.74386544652924
432,2017-01-19 00:00:00,9.29,45.0,22.34,-21.86262889809882
433,2017-01-19 01:00:00,9.84,44.0,24.33,-1.6388227096114747
434,2017-01-19 02:00:00,9.57,43.67,21.67,32.791770666242314
435,2017-01-19 03:00:00,9.57,46.33,19.0,72.72320178177085
436,2017-01-19 04:00:00,9.57,49.0,17.67,99.75874825495143
437,2017-01-19 05:00:00,9.57,51.67,16.33,104.73664041325928
438,2017-01-19 06:00:00,9.57,54.33,17.0,91.99879488178631
439,2017-01-19 07:00:00,9.84,51.33,17.67,62.73542989168635
440,2017-01-19 08:00:00,10.39,48.33,21.0,23.273423159555506
441,2017-01-19 09:00:00,9.29,62.33,18.33,-1.6387795560553684
442,2017-01-19 10:00:00,9.29,63.33,20.33,8.545610724069206
443,2017-01-19 11:00:00,9.84,61.67,20.33,23.851022719739547
444,2017-01-19 12:00:00,10.11,65.67,14.33,29.816322183858972
445,2017-01-19 13:00:00,11.21,59.67,17.67,34.20788697525893
446,2017-01-19 14:00:00,11.21,58.33,17.0,37.653547393439
447,2017-01-19 15:00:00,10.93,65.67,15.0,39.896723182140136
448,2017-01-19 16:00:00,10.93,69.67,13.67,40.12394823185335
449,2017-01-19 17:00:00,10.93,71.0,17.0,37.633232856898786
450,2017-01-19 18:00:00,11.21,72.33,17.0,30.04451818858476
451,2017-01-19 19:00:00,10.66,77.67,15.66,17.130773368200494
452,2017-01-19 20:00:00,11.48,84.67,9.0,-2.269511932203585
453,2017-01-19 21:00:00,10.93,84.67,17.0,-23.306093773302052
454,2017-01-19 22:00:00,12.3,81.67,20.33,-49.65848169385154
455,2017-01-19 23:00:00,14.21,70.0,28.33,-71.4469063663295
456,2017-01-20 00:00:00,14.21,70.0,28.33,-78.73918846931403
457,2017-01-20 01:00:00,14.21,70.0,28.33,-67.98983183255748
458,2017-01-20 02:00:00,14.21,70.0,28.33,-32.83642718019928
459,2017-01-20 03:00:00,14.21,70.0,28.33,32.81544039177032
460,2017-01-20 04:00:00,14.21,70.0,28.33,124.45598692497968
461,2017-01-20 05:00:00,14.21,70.0,28.33,198.8766031571745
462,2017-01-20 06:00:00,14.21,70.0,28.33,200.7359941431329
463,2017-01-20 07:00:00,14.21,70.0,28.33,165.564447466075
464,2017-01-20 08:00:00,14.21,70.0,28.33,128.3153604856155
465,2017-01-20 09:00:00,14.21,70.0,28.33,86.72261455523608
466,2017-01-20 10:00:00,14.21,70.0,28.33,32.277056625704006
467,2017-01-20 11:00:00,14.21,70.0,28.33,-23.22064973219824
468,2017-01-20 12:00:00,14.76,70.0,29.33,-36.78568959821857
469,2017-01-20 13:00:00,15.31,70.67,29.67,-5.375748054776551
470,2017-01-20 14:00:00,15.58,68.67,23.67,13.16869434401562
471,2017-01-20 15:00:00,15.58,71.0,23.67,17.32466229581641
472,2017-01-20 16:00:00,15.58,71.0,23.0,16.963186533035497
473,2017-01-20 17:00:00,15.58,69.33,20.33,16.86262795890309
474,2017-01-20 18:00:00,15.58,71.33,24.33,18.902291576975074
475,2017-01-20 19:00:00,15.58,74.67,20.33,21.84709024612914
476,2017-01-20 20:00:00,15.58,77.0,17.34,26.84436913952078
477,2017-01-20 21:00:00,15.58,82.33,17.0,33.06972272116644
478,2017-01-20 22:00:00,15.58,82.33,16.67,39.54188227861161
479,2017-01-20 23:00:00,15.03,65.0,22.0,42.928368382971684
480,2017-01-21 00:00:00,15.03,65.0,22.0,35.39955085054254
481,2017-01-21 01:00:00,12.3,61.67,26.33,19.450525142224222
482,2017-01-21 02:00:00,12.3,61.67,26.33,-6.647310739203476
483,2017-01-21 03:00:00,12.3,61.67,26.33,-20.648546750414454
484,2017-01-21 04:00:00,12.3,55.0,26.33,-23.240759289346897
485,2017-01-21 05:00:00,11.75,59.0,18.0,-18.911465079418093
486,2017-01-21 06:00:00,11.21,65.67,20.67,-9.2685656214
487,2017-01-21 07:00:00,10.93,65.33,17.0,3.753063089266874
488,2017-01-21 08:00:00,11.48,59.0,23.0,27.670177166078048
489,2017-01-21 09:00:00,11.48,59.0,19.67,55.61159769498909
490,2017-01-21 10:00:00,11.75,57.0,25.0,75.9986969398082
491,2017-01-21 11:00:00,12.03,57.0,22.67,81.2787179328525
492,2017-01-21 12:00:00,12.3,49.0,19.34,81.35826072515786
493,2017-01-21 13:00:00,13.67,42.67,29.67,78.71656184575279
494,2017-01-21 14:00:00,13.12,39.33,29.0,67.7911926420002
495,2017-01-21 15:00:00,12.57,40.0,26.34,55.3854191190116
496,2017-01-21 16:00:00,11.75,40.67,24.67,42.37306842290906
497,2017-01-21 17:00:00,10.93,43.67,24.67,28.911424477335544
498,2017-01-21 18:00:00,10.66,45.0,17.67,14.832695467734567
499,2017-01-21 19:00:00,9.84,45.67,28.0,3.118792121517373
500,2017-01-21 20:00:00,9.29,47.67,18.0,-10.988342716395039
501,2017-01-21 21:00:00,8.75,47.67,22.67,-22.58614141989011
502,2017-01-21 22:00:00,7.93,50.67,12.33,-32.810276125194775
503,2017-01-21 23:00:00,7.93,50.67,17.67,-38.57943188839138
504,2017-01-22 00:00:00,7.38,52.0,14.67,-37.75321390305106
505,2017-01-22 01:00:00,6.83,54.67,4.67,-28.285431575739693
506,2017-01-22 02:00:00,6.83,54.67,4.67,-0.4157646222556082
507,2017-01-22 03:00:00,6.83,55.33,15.0,58.91849785348771
508,2017-01-22 04:00:00,6.83,54.67,11.0,147.3583154617228
509,2017-01-22 05:00:00,6.56,56.0,9.0,191.1481415972886
510,2017-01-22 06:00:00,6.29,56.0,9.67,114.74303306280657
511,2017-01-22 07:00:00,6.29,54.33,5.0,52.849219895913905
512,2017-01-22 08:00:00,6.83,57.67,6.33,37.763761575751715
513,2017-01-22 09:00:00,7.65,54.0,12.33,27.500292404050015
514,2017-01-22 10:00:00,9.02,50.0,15.33,16.848915916448163
515,2017-01-22 11:00:00,9.84,46.33,16.33,10.347001982063034
516,2017-01-22 12:00:00,10.66,43.33,8.67,13.392326860182436
517,2017-01-22 13:00:00,10.93,44.33,15.67,50.522768532303644
518,2017-01-22 14:00:00,11.21,42.33,17.67,130.88612031296526
519,2017-01-22 15:00:00,11.48,44.33,19.0,149.28577174260914
520,2017-01-22 16:00:00,11.21,45.67,17.67,118.1780561294048
521,2017-01-22 17:00:00,11.21,48.33,15.67,91.81709683377235
522,2017-01-22 18:00:00,10.66,53.33,24.33,76.94799965557195
523,2017-01-22 19:00:00,10.66,48.0,23.33,61.881496534932424
524,2017-01-22 20:00:00,10.66,49.33,25.0,51.59511282493469
525,2017-01-22 21:00:00,10.39,52.0,20.33,41.018920620470794
526,2017-01-22 22:00:00,10.39,53.67,19.67,30.551950066529002
527,2017-01-22 23:00:00,10.39,53.67,13.33,16.675298371816353
528,2017-01-23 00:00:00,10.39,55.33,11.66,-0.011307917586094618
529,2017-01-23 01:00:00,9.84,58.0,10.33,-16.60037638178406
530,2017-01-23 02:00:00,9.29,65.0,8.33,-29.545709605243076
531,2017-01-23 03:00:00,9.02,66.67,11.33,-35.15096816232233
532,2017-01-23 04:00:00,9.57,69.0,14.67,-32.49171657396829
533,2017-01-23 05:00:00,9.29,66.0,19.33,-9.90432538683541
534,2017-01-23 06:00:00,9.02,61.0,17.0,41.801208285688034
535,2017-01-23 07:00:00,8.75,48.33,23.67,115.29432513634521
536,2017-01-23 08:00:00,8.75,45.0,20.0,157.33971141389162
537,2017-01-23 09:00:00,8.2,38.33,24.0,148.19875524089963
538,2017-01-23 10:00:00,8.2,38.33,25.0,127.8372244780775
539,2017-01-23 11:00:00,9.02,35.0,23.67,109.82672642326654
540,2017-01-23 12:00:00,9.02,32.33,26.33,91.07673284831893
541,2017-01-23 13:00:00,8.75,30.33,21.67,67.12062953355962
542,2017-01-23 14:00:00,8.2,33.0,19.0,48.91679815316769
543,2017-01-23 15:00:00,8.2,30.0,14.0,46.73874108064118
544,2017-01-23 16:00:00,7.65,31.33,12.0,92.00326127484402
545,2017-01-23 17:00:00,7.38,34.0,12.67,109.0556263174716
546,2017-01-23 18:00:00,7.11,32.67,9.67,88.49052944207523
547,2017-01-23 19:00:00,7.11,34.67,11.34,74.15584590277875
548,2017-01-23 20:00:00,6.83,35.67,19.33,63.74992684234789
549,2017-01-23 21:00:00,5.47,55.33,16.33,53.739369874635685
550,2017-01-23 22:00:00,5.19,56.33,18.67,48.77179141623884
551,2017-01-23 23:00:00,4.65,70.0,16.0,46.99657279002756
552,2017-01-24 00:00:00,4.37,72.33,5.67,45.407259683551274
553,2017-01-24 01:00:00,4.37,75.67,12.67,39.11632348500282
554,2017-01-24 02:00:00,4.92,71.0,9.67,23.67510724824473
555,2017-01-24 03:00:00,4.92,71.0,11.0,4.9150157411666555
556,2017-01-24 04:00:00,4.65,78.0,14.0,-16.073989304317166
557,2017-01-24 05:00:00,4.65,78.0,14.0,-42.774151733581675
558,2017-01-24 06:00:00,4.65,76.67,12.33,-67.52959915661191
559,2017-01-24 07:00:00,4.65,76.67,17.67,-71.03319322387378
560,2017-01-24 08:00:00,4.65,76.67,18.67,-53.316716529444506
561,2017-01-24 09:00:00,4.92,75.67,17.0,-12.549314724894089
562,2017-01-24 10:00:00,5.47,71.0,8.33,75.8158768993353
563,2017-01-24 11:00:00,6.29,66.0,10.33,228.58472218206177
564,2017-01-24 12:00:00,6.29,66.0,13.67,312.1609344311599
565,2017-01-24 13:00:00,6.56,65.0,8.67,249.2136890176027
566,2017-01-24 14:00:00,6.83,64.33,11.0,176.14923262239992
567,2017-01-24 15:00:00,7.11,62.67,13.33,138.29452863544998
568,2017-01-24 16:00:00,7.11,62.67,21.67,106.84690864332674
569,2017-01-24 17:00:00,7.11,59.33,17.34,71.56155120476386
570,2017-01-24 18:00:00,6.01,65.0,21.67,48.97398740340651
571,2017-01-24 19:00:00,6.01,65.0,16.33,47.480809631561044
572,2017-01-24 20:00:00,5.74,64.33,18.34,99.12028599806445
573,2017-01-24 21:00:00,5.74,63.0,15.33,121.23716856870232
574,2017-01-24 22:00:00,5.19,69.67,11.33,100.5063458552483
575,2017-01-24 23:00:00,4.92,72.33,15.67,80.8293707414364
576,2017-01-25 00:00:00,5.47,68.33,15.67,68.61807950746027
577,2017-01-25 01:00:00,5.47,68.33,15.0,62.84778017502666
578,2017-01-25 02:00:00,5.19,66.67,15.67,58.92503561723882
579,2017-01-25 03:00:00,4.65,74.0,15.67,52.90343155078091
580,2017-01-25 04:00:00,4.65,74.0,15.67,41.112056782951754
581,2017-01-25 05:00:00,4.92,68.33,12.33,23.974668446392457
582,2017-01-25 06:00:00,4.92,68.33,12.33,5.268939631627774
583,2017-01-25 07:00:00,5.47,68.67,13.67,-15.197734770663772
584,2017-01-25 08:00:00,5.19,70.0,13.67,-36.8668182837111
585,2017-01-25 09:00:00,5.74,67.33,18.0,-48.771891883509085
586,2017-01-25 10:00:00,6.29,64.67,21.34,-35.21820140274647
587,2017-01-25 11:00:00,6.29,67.67,16.33,11.580913188781352
588,2017-01-25 12:00:00,6.56,65.67,20.33,107.74962170107196
589,2017-01-25 13:00:00,6.29,64.33,14.67,250.0635335749149
590,2017-01-25 14:00:00,6.56,62.67,15.33,306.59450328619334
591,2017-01-25 15:00:00,6.56,62.67,16.67,243.4790129457404
592,2017-01-25 16:00:00,6.56,62.0,16.0,186.7132433871023
593,2017-01-25 17:00:00,6.29,62.0,13.34,157.02937261510468
594,2017-01-25 18:00:00,6.01,67.33,10.33,125.12180853644233
595,2017-01-25 19:00:00,6.01,67.33,11.0,86.87966113432047
596,2017-01-25 20:00:00,5.74,69.33,13.0,61.3024944841747
597,2017-01-25 21:00:00,5.74,69.33,9.0,65.88274819967893
598,2017-01-25 22:00:00,5.47,74.67,8.33,113.17573366414244
599,2017-01-25 23:00:00,5.19,75.67,9.67,119.57314586820532
600,2017-01-26 00:00:00,5.74,71.0,4.33,95.89083568439973
601,2017-01-26 01:00:00,5.47,72.33,9.0,82.62891718490641
602,2017-01-26 02:00:00,5.47,72.33,9.0,72.13787773504258
603,2017-01-26 03:00:00,5.47,72.33,10.33,65.63289989817343
604,2017-01-26 04:00:00,5.19,73.33,3.0,59.03958673194089
605,2017-01-26 05:00:00,5.74,69.33,3.0,50.42475601798188
606,2017-01-26 06:00:00,5.74,73.33,2.0,34.65130055270947
607,2017-01-26 07:00:00,5.74,73.33,0.0,16.336499802772863
608,2017-01-26 08:00:00,6.01,73.67,0.0,-1.475011810606361
609,2017-01-26 09:00:00,6.29,71.0,6.0,-18.54714118193371
610,2017-01-26 10:00:00,6.83,71.33,4.0,-33.26377684638675
611,2017-01-26 11:00:00,6.83,77.33,3.0,-29.109556613608532
612,2017-01-26 12:00:00,7.11,76.0,8.33,12.067189035841182
613,2017-01-26 13:00:00,7.93,76.33,5.0,96.64440465802375
614,2017-01-26 14:00:00,7.93,77.33,9.0,217.06864822255304
615,2017-01-26 15:00:00,8.2,75.33,12.33,267.73262227053755
616,2017-01-26 16:00:00,8.2,82.33,15.67,225.7999719612392
617,2017-01-26 17:00:00,8.47,78.67,13.0,171.85569248225937
618,2017-01-26 18:00:00,8.47,83.67,9.0,140.18670418711665
619,2017-01-26 19:00:00,8.47,80.0,9.67,108.628799888152
620,2017-01-26 20:00:00,9.02,81.67,11.67,78.1495996371506
621,2017-01-26 21:00:00,9.02,87.67,11.0,56.47203645032707
622,2017-01-26 22:00:00,9.02,87.67,17.67,62.26208932307141
623,2017-01-26 23:00:00,9.29,88.0,18.33,107.98168534326436
624,2017-01-27 00:00:00,9.84,85.0,21.0,132.43641181632634
625,2017-01-27 01:00:00,10.39,89.67,16.33,109.12389524324244
626,2017-01-27 02:00:00,10.93,85.0,16.33,84.79071615516736
627,2017-01-27 03:00:00,10.93,85.0,16.33,69.60411668786524
628,2017-01-27 04:00:00,10.66,86.67,12.33,57.84015521655692
629,2017-01-27 05:00:00,10.66,86.67,11.0,48.15375697397687
630,2017-01-27 06:00:00,10.39,91.33,6.34,38.64899204907664
631,2017-01-27 07:00:00,10.39,91.33,9.0,28.76374221992768
632,2017-01-27 08:00:00,10.93,86.67,11.66,18.149995633256395
633,2017-01-27 09:00:00,11.48,83.33,8.0,7.187697773860066
634,2017-01-27 10:00:00,11.75,82.0,8.33,-1.8524112355929674
635,2017-01-27 11:00:00,12.03,78.0,7.0,-2.961026092137047
636,2017-01-27 12:00:00,12.3,80.67,6.0,18.670330424478465
637,2017-01-27 13:00:00,12.85,76.67,9.0,81.75027841727777
638,2017-01-27 14:00:00,13.39,73.0,7.33,161.5184698375146
639,2017-01-27 15:00:00,13.67,72.0,7.33,188.6220706486655
640,2017-01-27 16:00:00,14.21,68.0,10.0,169.4384810988516
641,2017-01-27 17:00:00,15.03,62.33,7.33,153.39537659256098
642,2017-01-27 18:00:00,15.03,63.67,8.0,142.73883246661458
643,2017-01-27 19:00:00,15.03,66.33,7.67,126.11846149165112
644,2017-01-27 20:00:00,14.21,63.0,8.33,105.73675644134615
645,2017-01-27 21:00:00,15.31,55.67,8.33,88.51221410402204
646,2017-01-27 22:00:00,11.75,72.0,3.67,102.38823467797651
647,2017-01-27 23:00:00,12.85,68.67,3.67,140.04217213930502
648,2017-01-28 00:00:00,11.75,77.0,3.0,139.49625268350246
649,2017-01-28 01:00:00,12.03,72.33,3.0,112.51917927885506
650,2017-01-28 02:00:00,10.11,85.0,4.33,92.8103406580482
651,2017-01-28 03:00:00,10.11,85.0,4.33,73.99106404876109
652,2017-01-28 04:00:00,10.11,85.0,4.33,61.07180636158341
653,2017-01-28 05:00:00,10.93,75.33,16.33,52.225338146798606
654,2017-01-28 06:00:00,10.39,75.33,15.0,42.17006330656426
655,2017-01-28 07:00:00,10.11,79.0,15.33,28.052830536521412
656,2017-01-28 08:00:00,10.11,75.67,19.33,8.905468228495863
657,2017-01-28 09:00:00,10.11,75.67,19.33,-11.648333203587924
658,2017-01-28 10:00:00,9.57,79.67,16.33,-28.491640843625873
659,2017-01-28 11:00:00,9.57,81.0,17.34,-41.08285598562125
660,2017-01-28 12:00:00,9.57,77.67,18.67,-41.58738578691688
661,2017-01-28 13:00:00,9.57,77.67,18.67,-12.70395549322518
662,2017-01-28 14:00:00,10.11,77.67,22.67,53.89060151203384
663,2017-01-28 15:00:00,11.21,71.67,23.67,149.36441909862515
664,2017-01-28 16:00:00,11.75,66.33,13.33,217.100217745947
665,2017-01-28 17:00:00,12.03,63.67,14.0,210.4637645090877
666,2017-01-28 18:00:00,12.03,63.67,14.0,174.18383222875258
667,2017-01-28 19:00:00,12.03,63.67,14.0,149.87552172593627
668,2017-01-28 20:00:00,12.03,63.67,14.0,129.0461659583899
669,2017-01-28 21:00:00,12.03,63.67,14.0,102.76315816768114
670,2017-01-28 22:00:00,12.03,63.67,14.0,78.80368887554502
671,2017-01-28 23:00:00,12.03,63.67,14.0,74.20664842671283
672,2017-01-29 00:00:00,12.03,63.67,14.0,120.2684899062438
673,2017-01-29 01:00:00,12.03,63.67,14.0,167.11876303854362
674,2017-01-29 02:00:00,12.03,63.67,14.0,145.79658556889453
675,2017-01-29 03:00:00,12.03,63.67,14.0,113.46439319517711
676,2017-01-29 04:00:00,12.03,63.67,14.0,91.84744457210884
677,2017-01-29 05:00:00,12.03,63.67,14.0,76.34848887727149
678,2017-01-29 06:00:00,12.03,63.67,14.0,63.99565397924458
679,2017-01-29 07:00:00,12.03,63.67,14.0,54.56384014095343
680,2017-01-29 08:00:00,12.03,63.67,14.0,46.89409388264812
681,2017-01-29 09:00:00,12.03,63.67,14.0,37.28766996793456
682,2017-01-29 10:00:00,12.03,63.67,14.0,22.33580426910936
683,2017-01-29 11:00:00,12.03,63.67,14.0,4.343080085222454
684,2017-01-29 12:00:00,12.03,63.67,14.0,-10.835902779425709
685,2017-01-29 13:00:00,12.03,63.67,14.0,-22.60359703333782
686,2017-01-29 14:00:00,12.03,63.67,14.0,-30.60558252015747
687,2017-01-29 15:00:00,12.03,63.67,14.0,-22.07179418457875
688,2017-01-29 16:00:00,12.3,51.0,8.33,17.932825362117512
689,2017-01-29 17:00:00,12.85,49.0,2.33,99.11403952081709
690,2017-01-29 18:00:00,12.03,58.33,9.34,193.50718485272182
691,2017-01-29 19:00:00,12.57,58.33,9.34,220.09787682424226
692,2017-01-29 20:00:00,11.21,68.67,8.0,197.58724637359407
693,2017-01-29 21:00:00,11.75,60.0,2.0,162.2108605540566
694,2017-01-29 22:00:00,11.21,65.33,10.67,138.08864841342915
695,2017-01-29 23:00:00,10.66,70.0,3.67,103.89069585858078
696,2017-01-30 00:00:00,10.93,68.33,7.0,65.35827066707003
697,2017-01-30 01:00:00,10.39,68.33,3.0,30.048466738969097
698,2017-01-30 02:00:00,10.39,75.0,8.33,40.14136069174498
699,2017-01-30 03:00:00,10.39,75.0,2.33,62.67133607246946
700,2017-01-30 04:00:00,10.39,75.0,2.33,62.393740034383285
701,2017-01-30 05:00:00,10.11,76.67,9.67,54.722202903499266
702,2017-01-30 06:00:00,10.11,76.67,7.0,47.19083931125945
703,2017-01-30 07:00:00,9.84,78.67,2.0,43.666628632564596
704,2017-01-30 08:00:00,10.39,78.67,6.67,43.03290787265553
705,2017-01-30 09:00:00,10.11,82.67,2.0,39.96684771082383
706,2017-01-30 10:00:00,10.11,82.67,6.34,33.088872111691586
707,2017-01-30 11:00:00,10.11,85.0,6.34,22.13265890370721
708,2017-01-30 12:00:00,10.66,85.0,2.33,9.776350144413186
709,2017-01-30 13:00:00,10.66,85.0,8.33,-0.691947381379066
710,2017-01-30 14:00:00,11.21,84.67,4.67,-12.921665183815492
711,2017-01-30 15:00:00,12.03,82.67,6.0,-16.463471725015438
712,2017-01-30 16:00:00,13.39,74.0,0.0,-3.054669308902362
713,2017-01-30 17:00:00,14.21,72.33,7.67,30.468437147061223
714,2017-01-30 18:00:00,14.76,72.33,9.0,73.73432196666654
715,2017-01-30 19:00:00,14.21,72.33,7.0,119.9644677092329
716,2017-01-30 20:00:00,14.76,70.67,4.33,144.06718523088625
717,2017-01-30 21:00:00,14.49,72.33,3.0,141.58937816340404
718,2017-01-30 22:00:00,14.21,72.33,12.67,124.82242534671359
719,2017-01-30 23:00:00,14.21,74.67,11.0,98.94516886735772
720,2017-01-31 00:00:00,13.94,72.0,12.67,61.43476013366117
721,2017-01-31 01:00:00,13.39,76.0,9.0,17.8709431626514
722,2017-01-31 02:00:00,13.94,76.0,3.67,13.825146239607221
723,2017-01-31 03:00:00,13.67,76.0,14.33,45.56552535059586
724,2017-01-31 04:00:00,13.12,81.0,12.33,49.82306598509771
725,2017-01-31 05:00:00,13.12,81.0,12.33,44.577060782659515
726,2017-01-31 06:00:00,13.67,84.0,9.0,39.65712385021149
727,2017-01-31 07:00:00,13.67,82.33,15.0,36.975831583072704
728,2017-01-31 08:00:00,13.39,85.0,17.0,33.900331580841254
729,2017-01-31 09:00:00,13.94,82.33,16.67,30.655702003813786
730,2017-01-31 10:00:00,13.94,88.0,17.0,26.525539878568594
731,2017-01-31 11:00:00,13.94,88.0,16.33,20.84994102502506
732,2017-01-31 12:00:00,16.4,78.33,17.0,12.645845858149983
733,2017-01-31 13:00:00,16.67,77.0,16.33,4.1462998693469615
734,2017-01-31 14:00:00,16.13,86.67,10.33,-3.513067958713151
735,2017-01-31 15:00:00,16.13,85.67,11.66,-0.7654810409956951
736,2017-01-31 16:00:00,16.95,78.67,11.0,19.09653652142893
737,2017-01-31 17:00:00,16.95,59.33,20.67,53.26896374783644
738,2017-01-31 18:00:00,16.67,59.67,27.66,91.01866973856882
739,2017-01-31 19:00:00,16.13,57.0,20.33,115.8405628496241
740,2017-01-31 20:00:00,14.49,58.67,26.67,125.6439449886321
741,2017-01-31 21:00:00,13.94,58.0,28.0,111.95993076840809
742,2017-01-31 22:00:00,13.12,60.0,24.0,88.27946539912634
743,2017-01-31 23:00:00,12.03,60.0,19.34,51.92138607431639
